52.30575464,4.75118113,"Manual dustraction + steer jerk",47.620
52.30835790,4.74497466,"Uitzoomen om groter 0laatje te zien",56.030
52.08800266,4.66283121,"Man. Distr. + steerbjerk",53.953
