52.04143799,4.65966698,"Traffic camera notification",48.796
52.01614485,4.70948839,"Message notification",50.800
